{
  "molecule": {
    "name": "H3O+",
    "diameter_m": 3.3e-10,
    "CCS_m2": 24.9e-19,
    "atoms": [
      {
        "element": "O",
        "pos": [-0.00850062513799088, 0.013502526415391874, -0.03864593471061347],
        "mass_u": 15.999,
        "partial_charge_e": 0.00396,
        "LJ_sigma_m": 2.4344e-10,
        "LJ_epsilon_eV": 0.1034324933362249
      },
      {
        "element": "H",
        "pos": [0.9602283748620088, -0.08413547358460813, -0.0014669347106134722],
        "mass_u": 1.008,
        "partial_charge_e": 0.331991,
        "LJ_sigma_m": 2.261e-10,
        "LJ_epsilon_eV": 0.059579817756640736
      },
      {
        "element": "H",
        "pos": [-0.34485562513799106, 0.7037425264153919, 0.5612030652893866],
        "mass_u": 1.008,
        "partial_charge_e": 0.332032,
        "LJ_sigma_m": 2.261e-10,
        "LJ_epsilon_eV": 0.059579817756640736
      },
      {
        "element": "H",
        "pos": [-0.4804506251379914,-0.833919473584608, 0.05365306528938653],
        "mass_u": 1.008,
        "partial_charge_e": 0.332018,
        "LJ_sigma_m": 2.261e-10,
        "LJ_epsilon_eV": 0.059579817756640736
      }
    ]
  }
}
